[
    {
        "1": "Who is the founder of Python ?",
        "2": "Which of these in not a core data type in python?",
        "3": "In order to store values in terms of key and value we use what core data type.",
        "4": "Which of the following is an invalid variable in python?",
        "5": "What is the output when we execute list(“hello”)?",
        "6": "What arithmetic operators cannot be used with strings in python?",
        "7": "Which is the correct operator for power(xy) in python?",
        "8": "Which of the following is a Python tuple?",
        "9": "Which of the following statements is used to create an empty set?",
        "10": "Which keyword is used for function in python?"
    },
    {
        "1": [
            "Guido van Rossum",
            "James Gosling",
            "Denis Ritchie",
            "Bjarne Stroustrup"
        ],
       
        "2": [
            "Lists",
            "Dictionary",
            "Tuples",
            "Class"
        ],
       
        "3": [
            "list",
            "tuple",
            "class",
            "dictionary"
        ],

        "4": [
            "my_string_1",
            "1st_string",
            "foo",
            "_"
        ],

        "5": [
            "[‘h’, ‘e’, ‘l’, ‘l’, ‘o’]",
            "[‘hello’]",
            "[‘llo’]",
            "[‘olleh’]"
        ],

        "6": [
            "+",
            "*",
            "–",
            "All of the mentioned"
        ],

        "7": [
            "x^y",
            "x**y",
            "x^^y",
            "None of the mentioned"
        ],

        "8": [
            "[1, 2, 3]",
            "(1, 2, 3)",
            "{1, 2, 3}",
            "{}"
        ],
        
        "9": [
            "{ }",
            "set()",
            "[ ]",
            "( )"
        ],

        "10": [
            "Fun",
            "define",
            "def",
            "Function"
        ]

    },
    {
        "1": 0,
        "2": 3,
        "3": 3,
        "4": 1,
        "5": 0,
        "6": 2,
        "7": 1,
        "8": 1,
        "9": 1,
        "10": 2
    }
]